timestamp,machine,production_count,scrap_count,downtime_minutes,shift_minutes,is_anomaly
2026-01-01T00:00:00,Makine-01,551,15,19.6,480,0
2026-01-01T00:00:00,Makine-02,546,10,16.98,480,0
2026-01-01T00:00:00,Makine-03,576,15,21.47,480,0
2026-01-01T00:00:00,Makine-04,550,8,41.27,480,0
2026-01-02T00:00:00,Makine-01,554,11,20.41,480,0
2026-01-02T00:00:00,Makine-02,574,11,23.19,480,0
2026-01-02T00:00:00,Makine-03,559,13,26.48,480,0
2026-01-02T00:00:00,Makine-04,611,10,34.31,480,0
2026-01-03T00:00:00,Makine-01,544,15,21.86,480,0
2026-01-03T00:00:00,Makine-02,510,13,21.6,480,0
2026-01-03T00:00:00,Makine-03,511,11,35.43,480,0
2026-01-03T00:00:00,Makine-04,574,12,32.19,480,0
2026-01-04T00:00:00,Makine-01,524,13,30.68,480,0
2026-01-04T00:00:00,Makine-02,515,8,26.8,480,0
2026-01-04T00:00:00,Makine-03,494,13,44.95,480,0
2026-01-04T00:00:00,Makine-04,558,13,26.65,480,0
2026-01-05T00:00:00,Makine-01,495,8,37.93,480,0
2026-01-05T00:00:00,Makine-02,488,6,28.09,480,0
2026-01-05T00:00:00,Makine-03,296,7,234.07,480,1
2026-01-05T00:00:00,Makine-04,567,9,26.91,480,0
2026-01-06T00:00:00,Makine-01,482,78,26.18,480,1
2026-01-06T00:00:00,Makine-02,535,13,34.81,480,0
2026-01-06T00:00:00,Makine-03,540,4,25.77,480,0
2026-01-06T00:00:00,Makine-04,533,12,16.77,480,0
2026-01-07T00:00:00,Makine-01,561,10,26.22,480,0
2026-01-07T00:00:00,Makine-02,531,7,20.66,480,0
2026-01-07T00:00:00,Makine-03,474,11,38.4,480,0
2026-01-07T00:00:00,Makine-04,510,10,24.06,480,0
2026-01-08T00:00:00,Makine-01,513,16,32.33,480,0
2026-01-08T00:00:00,Makine-02,544,12,19.77,480,0
2026-01-08T00:00:00,Makine-03,539,16,38.35,480,0
2026-01-08T00:00:00,Makine-04,527,9,23.6,480,0
2026-01-09T00:00:00,Makine-01,501,5,36.35,480,0
2026-01-09T00:00:00,Makine-02,549,19,33.14,480,0
2026-01-09T00:00:00,Makine-03,502,3,34.14,480,0
2026-01-09T00:00:00,Makine-04,546,9,21.87,480,0
2026-01-10T00:00:00,Makine-01,378,7,153.03,480,1
2026-01-10T00:00:00,Makine-02,583,12,29.46,480,0
2026-01-10T00:00:00,Makine-03,506,7,25.01,480,0
2026-01-10T00:00:00,Makine-04,498,13,51.28,480,0
2026-01-11T00:00:00,Makine-01,516,10,39.32,480,0
2026-01-11T00:00:00,Makine-02,548,9,23.45,480,0
2026-01-11T00:00:00,Makine-03,559,17,17.22,480,0
2026-01-11T00:00:00,Makine-04,559,16,28.81,480,0
2026-01-12T00:00:00,Makine-01,555,13,25.89,480,0
2026-01-12T00:00:00,Makine-02,486,5,31.83,480,0
2026-01-12T00:00:00,Makine-03,512,9,47.24,480,0
2026-01-12T00:00:00,Makine-04,534,13,18.93,480,0
2026-01-13T00:00:00,Makine-01,510,11,29.95,480,0
2026-01-13T00:00:00,Makine-02,546,3,30.91,480,0
2026-01-13T00:00:00,Makine-03,509,7,21.57,480,0
2026-01-13T00:00:00,Makine-04,497,10,39.16,480,0
2026-01-14T00:00:00,Makine-01,495,9,34.89,480,0
2026-01-14T00:00:00,Makine-02,562,11,35.38,480,0
2026-01-14T00:00:00,Makine-03,548,12,27.76,480,0
2026-01-14T00:00:00,Makine-04,555,21,30.9,480,0
2026-01-15T00:00:00,Makine-01,516,5,21.47,480,0
2026-01-15T00:00:00,Makine-02,561,8,33.16,480,0
2026-01-15T00:00:00,Makine-03,558,7,8.53,480,0
2026-01-15T00:00:00,Makine-04,506,7,52.11,480,0
2026-01-16T00:00:00,Makine-01,487,17,12.42,480,0
2026-01-16T00:00:00,Makine-02,599,24,19.03,480,0
2026-01-16T00:00:00,Makine-03,553,101,26.32,480,1
2026-01-16T00:00:00,Makine-04,553,10,37.77,480,0
2026-01-17T00:00:00,Makine-01,523,9,16.25,480,0
2026-01-17T00:00:00,Makine-02,548,15,24.45,480,0
2026-01-17T00:00:00,Makine-03,535,11,33.52,480,0
2026-01-17T00:00:00,Makine-04,542,19,33.16,480,0
2026-01-18T00:00:00,Makine-01,487,6,33.86,480,0
2026-01-18T00:00:00,Makine-02,538,4,32.63,480,0
2026-01-18T00:00:00,Makine-03,498,8,34.54,480,0
2026-01-18T00:00:00,Makine-04,539,10,30.52,480,0
2026-01-19T00:00:00,Makine-01,560,1,31.53,480,0
2026-01-19T00:00:00,Makine-02,534,9,31.77,480,0
2026-01-19T00:00:00,Makine-03,588,5,33.28,480,0
2026-01-19T00:00:00,Makine-04,551,7,26.71,480,0
2026-01-20T00:00:00,Makine-01,518,17,43.0,480,0
2026-01-20T00:00:00,Makine-02,576,13,34.39,480,0
2026-01-20T00:00:00,Makine-03,543,8,27.03,480,0
2026-01-20T00:00:00,Makine-04,589,11,18.22,480,0
2026-01-21T00:00:00,Makine-01,563,14,37.51,480,0
2026-01-21T00:00:00,Makine-02,490,8,29.33,480,0
2026-01-21T00:00:00,Makine-03,508,7,36.38,480,0
2026-01-21T00:00:00,Makine-04,542,12,17.83,480,0
2026-01-22T00:00:00,Makine-01,437,10,36.09,480,0
2026-01-22T00:00:00,Makine-02,572,3,34.14,480,0
2026-01-22T00:00:00,Makine-03,482,15,35.91,480,0
2026-01-22T00:00:00,Makine-04,521,13,38.47,480,0
2026-01-23T00:00:00,Makine-01,520,11,32.33,480,0
2026-01-23T00:00:00,Makine-02,523,12,28.52,480,0
2026-01-23T00:00:00,Makine-03,546,17,19.41,480,0
2026-01-23T00:00:00,Makine-04,566,15,21.78,480,0
2026-01-24T00:00:00,Makine-01,526,14,43.29,480,0
2026-01-24T00:00:00,Makine-02,493,3,53.28,480,0
2026-01-24T00:00:00,Makine-03,547,16,25.42,480,0
2026-01-24T00:00:00,Makine-04,512,7,17.48,480,0
2026-01-25T00:00:00,Makine-01,518,5,35.24,480,0
2026-01-25T00:00:00,Makine-02,511,12,30.54,480,0
2026-01-25T00:00:00,Makine-03,560,12,31.38,480,0
2026-01-25T00:00:00,Makine-04,266,6,22.95,480,1
2026-01-26T00:00:00,Makine-01,515,13,27.34,480,0
2026-01-26T00:00:00,Makine-02,494,2,17.04,480,0
2026-01-26T00:00:00,Makine-03,301,6,223.77,480,1
2026-01-26T00:00:00,Makine-04,593,12,29.31,480,0
2026-01-27T00:00:00,Makine-01,475,7,24.06,480,0
2026-01-27T00:00:00,Makine-02,570,6,38.04,480,0
2026-01-27T00:00:00,Makine-03,565,93,19.59,480,1
2026-01-27T00:00:00,Makine-04,521,8,24.66,480,0
2026-01-28T00:00:00,Makine-01,528,12,28.11,480,0
2026-01-28T00:00:00,Makine-02,484,13,26.57,480,0
2026-01-28T00:00:00,Makine-03,536,10,41.15,480,0
2026-01-28T00:00:00,Makine-04,588,12,49.51,480,0
2026-01-29T00:00:00,Makine-01,477,11,40.76,480,0
2026-01-29T00:00:00,Makine-02,497,4,33.14,480,0
2026-01-29T00:00:00,Makine-03,536,10,18.83,480,0
2026-01-29T00:00:00,Makine-04,506,11,41.06,480,0
2026-01-30T00:00:00,Makine-01,524,13,27.16,480,0
2026-01-30T00:00:00,Makine-02,479,10,40.64,480,0
2026-01-30T00:00:00,Makine-03,580,12,32.23,480,0
2026-01-30T00:00:00,Makine-04,544,8,29.43,480,0
2026-01-31T00:00:00,Makine-01,546,15,21.48,480,0
2026-01-31T00:00:00,Makine-02,197,4,27.14,480,1
2026-01-31T00:00:00,Makine-03,479,5,26.64,480,0
2026-01-31T00:00:00,Makine-04,516,5,38.95,480,0
2026-02-01T00:00:00,Makine-01,599,14,24.57,480,0
2026-02-01T00:00:00,Makine-02,472,8,34.65,480,0
2026-02-01T00:00:00,Makine-03,564,13,29.14,480,0
2026-02-01T00:00:00,Makine-04,586,18,23.12,480,0
2026-02-02T00:00:00,Makine-01,568,11,21.12,480,0
2026-02-02T00:00:00,Makine-02,578,12,25.57,480,0
2026-02-02T00:00:00,Makine-03,508,7,45.65,480,0
2026-02-02T00:00:00,Makine-04,495,12,34.52,480,0
2026-02-03T00:00:00,Makine-01,429,6,41.48,480,0
2026-02-03T00:00:00,Makine-02,544,10,21.74,480,0
2026-02-03T00:00:00,Makine-03,546,7,28.41,480,0
2026-02-03T00:00:00,Makine-04,553,13,36.63,480,0
2026-02-04T00:00:00,Makine-01,489,9,50.35,480,0
2026-02-04T00:00:00,Makine-02,498,7,19.68,480,0
2026-02-04T00:00:00,Makine-03,535,8,33.34,480,0
2026-02-04T00:00:00,Makine-04,535,8,37.39,480,0
2026-02-05T00:00:00,Makine-01,468,9,31.88,480,0
2026-02-05T00:00:00,Makine-02,543,5,21.0,480,0
2026-02-05T00:00:00,Makine-03,515,12,42.48,480,0
2026-02-05T00:00:00,Makine-04,554,7,18.44,480,0
2026-02-06T00:00:00,Makine-01,457,6,49.97,480,0
2026-02-06T00:00:00,Makine-02,471,10,46.11,480,0
2026-02-06T00:00:00,Makine-03,516,9,13.48,480,0
2026-02-06T00:00:00,Makine-04,547,4,38.13,480,0
2026-02-07T00:00:00,Makine-01,563,9,24.22,480,0
2026-02-07T00:00:00,Makine-02,544,13,35.41,480,0
2026-02-07T00:00:00,Makine-03,499,11,35.38,480,0
2026-02-07T00:00:00,Makine-04,518,6,34.46,480,0
2026-02-08T00:00:00,Makine-01,493,15,32.42,480,0
2026-02-08T00:00:00,Makine-02,535,8,30.32,480,0
2026-02-08T00:00:00,Makine-03,277,8,242.33,480,1
2026-02-08T00:00:00,Makine-04,506,3,55.49,480,0
2026-02-09T00:00:00,Makine-01,513,6,27.14,480,0
2026-02-09T00:00:00,Makine-02,474,12,35.25,480,0
2026-02-09T00:00:00,Makine-03,525,10,31.72,480,0
2026-02-09T00:00:00,Makine-04,575,10,12.69,480,0
2026-02-10T00:00:00,Makine-01,570,7,28.26,480,0
2026-02-10T00:00:00,Makine-02,496,11,33.19,480,0
2026-02-10T00:00:00,Makine-03,488,10,26.76,480,0
2026-02-10T00:00:00,Makine-04,551,4,26.58,480,0
2026-02-11T00:00:00,Makine-01,493,1,34.82,480,0
2026-02-11T00:00:00,Makine-02,501,5,32.72,480,0
2026-02-11T00:00:00,Makine-03,608,14,33.49,480,0
2026-02-11T00:00:00,Makine-04,577,14,28.33,480,0
2026-02-12T00:00:00,Makine-01,507,8,24.79,480,0
2026-02-12T00:00:00,Makine-02,495,8,44.98,480,0
2026-02-12T00:00:00,Makine-03,571,2,27.54,480,0
2026-02-12T00:00:00,Makine-04,484,6,22.18,480,0
2026-02-13T00:00:00,Makine-01,553,10,27.99,480,0
2026-02-13T00:00:00,Makine-02,560,7,29.43,480,0
2026-02-13T00:00:00,Makine-03,524,13,35.59,480,0
2026-02-13T00:00:00,Makine-04,320,6,200.98,480,1
2026-02-14T00:00:00,Makine-01,556,10,14.37,480,0
2026-02-14T00:00:00,Makine-02,563,2,29.04,480,0
2026-02-14T00:00:00,Makine-03,596,13,20.77,480,0
2026-02-14T00:00:00,Makine-04,527,12,18.6,480,0
2026-02-15T00:00:00,Makine-01,503,11,35.49,480,0
2026-02-15T00:00:00,Makine-02,189,2,37.78,480,1
2026-02-15T00:00:00,Makine-03,490,10,19.79,480,0
2026-02-15T00:00:00,Makine-04,543,9,47.98,480,0
2026-02-16T00:00:00,Makine-01,506,7,30.11,480,0
2026-02-16T00:00:00,Makine-02,540,7,47.85,480,0
2026-02-16T00:00:00,Makine-03,544,16,36.4,480,0
2026-02-16T00:00:00,Makine-04,560,13,37.4,480,0
2026-02-17T00:00:00,Makine-01,497,5,30.84,480,0
2026-02-17T00:00:00,Makine-02,547,12,47.29,480,0
2026-02-17T00:00:00,Makine-03,544,7,30.12,480,0
2026-02-17T00:00:00,Makine-04,507,10,30.6,480,0
2026-02-18T00:00:00,Makine-01,522,139,47.98,480,1
2026-02-18T00:00:00,Makine-02,495,9,27.97,480,0
2026-02-18T00:00:00,Makine-03,173,4,17.5,480,1
2026-02-18T00:00:00,Makine-04,568,12,40.59,480,0
2026-02-19T00:00:00,Makine-01,539,12,19.16,480,0
2026-02-19T00:00:00,Makine-02,510,6,41.0,480,0
2026-02-19T00:00:00,Makine-03,529,8,32.17,480,0
2026-02-19T00:00:00,Makine-04,535,12,24.96,480,0
2026-02-20T00:00:00,Makine-01,521,6,32.44,480,0
2026-02-20T00:00:00,Makine-02,474,2,44.38,480,0
2026-02-20T00:00:00,Makine-03,538,10,30.29,480,0
2026-02-20T00:00:00,Makine-04,595,18,3.27,480,0
2026-02-21T00:00:00,Makine-01,496,7,26.2,480,0
2026-02-21T00:00:00,Makine-02,566,10,44.27,480,0
2026-02-21T00:00:00,Makine-03,593,11,30.36,480,0
2026-02-21T00:00:00,Makine-04,644,17,33.65,480,0
2026-02-22T00:00:00,Makine-01,493,8,39.69,480,0
2026-02-22T00:00:00,Makine-02,535,11,30.31,480,0
2026-02-22T00:00:00,Makine-03,472,12,34.25,480,0
2026-02-22T00:00:00,Makine-04,565,12,15.58,480,0
2026-02-23T00:00:00,Makine-01,464,8,38.31,480,0
2026-02-23T00:00:00,Makine-02,536,7,29.53,480,0
2026-02-23T00:00:00,Makine-03,477,3,30.63,480,0
2026-02-23T00:00:00,Makine-04,548,11,27.79,480,0
2026-02-24T00:00:00,Makine-01,470,6,39.48,480,0
2026-02-24T00:00:00,Makine-02,180,3,32.89,480,1
2026-02-24T00:00:00,Makine-03,530,9,21.67,480,0
2026-02-24T00:00:00,Makine-04,586,9,26.88,480,0
2026-02-25T00:00:00,Makine-01,462,11,34.79,480,0
2026-02-25T00:00:00,Makine-02,578,9,28.53,480,0
2026-02-25T00:00:00,Makine-03,500,10,27.75,480,0
2026-02-25T00:00:00,Makine-04,571,14,22.48,480,0
2026-02-26T00:00:00,Makine-01,540,16,39.87,480,0
2026-02-26T00:00:00,Makine-02,453,8,43.63,480,0
2026-02-26T00:00:00,Makine-03,518,10,31.19,480,0
2026-02-26T00:00:00,Makine-04,564,10,28.3,480,0
2026-02-27T00:00:00,Makine-01,529,15,30.06,480,0
2026-02-27T00:00:00,Makine-02,541,6,33.1,480,0
2026-02-27T00:00:00,Makine-03,553,12,39.4,480,0
2026-02-27T00:00:00,Makine-04,580,13,34.91,480,0
2026-02-28T00:00:00,Makine-01,420,10,33.36,480,0
2026-02-28T00:00:00,Makine-02,561,13,12.77,480,0
2026-02-28T00:00:00,Makine-03,590,10,22.88,480,0
2026-02-28T00:00:00,Makine-04,562,18,29.98,480,0
2026-03-01T00:00:00,Makine-01,523,10,19.98,480,0
2026-03-01T00:00:00,Makine-02,506,13,27.44,480,0
2026-03-01T00:00:00,Makine-03,538,12,27.17,480,0
2026-03-01T00:00:00,Makine-04,528,15,20.0,480,0
2026-03-02T00:00:00,Makine-01,546,13,15.83,480,0
2026-03-02T00:00:00,Makine-02,547,12,32.29,480,0
2026-03-02T00:00:00,Makine-03,204,4,15.96,480,1
2026-03-02T00:00:00,Makine-04,567,11,47.94,480,0
2026-03-03T00:00:00,Makine-01,510,11,37.67,480,0
2026-03-03T00:00:00,Makine-02,504,9,29.41,480,0
2026-03-03T00:00:00,Makine-03,548,14,30.03,480,0
2026-03-03T00:00:00,Makine-04,552,6,37.56,480,0
2026-03-04T00:00:00,Makine-01,468,6,24.99,480,0
2026-03-04T00:00:00,Makine-02,517,9,30.52,480,0
2026-03-04T00:00:00,Makine-03,544,12,33.4,480,0
2026-03-04T00:00:00,Makine-04,563,3,8.92,480,0
2026-03-05T00:00:00,Makine-01,548,16,29.95,480,0
2026-03-05T00:00:00,Makine-02,548,9,25.0,480,0
2026-03-05T00:00:00,Makine-03,509,13,39.86,480,0
2026-03-05T00:00:00,Makine-04,592,15,20.45,480,0
2026-03-06T00:00:00,Makine-01,496,8,22.38,480,0
2026-03-06T00:00:00,Makine-02,552,6,20.44,480,0
2026-03-06T00:00:00,Makine-03,613,6,31.1,480,0
2026-03-06T00:00:00,Makine-04,560,12,31.5,480,0
2026-03-07T00:00:00,Makine-01,563,9,28.46,480,0
2026-03-07T00:00:00,Makine-02,532,7,23.56,480,0
2026-03-07T00:00:00,Makine-03,518,10,44.45,480,0
2026-03-07T00:00:00,Makine-04,501,7,27.71,480,0
2026-03-08T00:00:00,Makine-01,586,9,43.19,480,0
2026-03-08T00:00:00,Makine-02,519,12,32.44,480,0
2026-03-08T00:00:00,Makine-03,524,5,31.1,480,0
2026-03-08T00:00:00,Makine-04,532,8,36.53,480,0
2026-03-09T00:00:00,Makine-01,512,8,37.95,480,0
2026-03-09T00:00:00,Makine-02,577,14,29.33,480,0
2026-03-09T00:00:00,Makine-03,558,14,42.42,480,0
2026-03-09T00:00:00,Makine-04,508,130,35.2,480,1
2026-03-10T00:00:00,Makine-01,526,16,43.04,480,0
2026-03-10T00:00:00,Makine-02,532,11,18.48,480,0
2026-03-10T00:00:00,Makine-03,513,12,41.34,480,0
2026-03-10T00:00:00,Makine-04,167,2,34.5,480,1
2026-03-11T00:00:00,Makine-01,492,9,47.71,480,0
2026-03-11T00:00:00,Makine-02,529,8,21.06,480,0
2026-03-11T00:00:00,Makine-03,580,12,28.35,480,0
2026-03-11T00:00:00,Makine-04,550,18,29.11,480,0
2026-03-12T00:00:00,Makine-01,520,10,9.98,480,0
2026-03-12T00:00:00,Makine-02,509,14,34.73,480,0
2026-03-12T00:00:00,Makine-03,566,12,31.84,480,0
2026-03-12T00:00:00,Makine-04,544,11,36.98,480,0
2026-03-13T00:00:00,Makine-01,496,6,5.49,480,0
2026-03-13T00:00:00,Makine-02,482,6,27.45,480,0
2026-03-13T00:00:00,Makine-03,562,10,54.57,480,0
2026-03-13T00:00:00,Makine-04,192,4,18.51,480,1
2026-03-14T00:00:00,Makine-01,509,11,14.0,480,0
2026-03-14T00:00:00,Makine-02,480,12,34.17,480,0
2026-03-14T00:00:00,Makine-03,530,5,36.33,480,0
2026-03-14T00:00:00,Makine-04,564,11,33.65,480,0
2026-03-15T00:00:00,Makine-01,496,13,40.08,480,0
2026-03-15T00:00:00,Makine-02,467,6,49.6,480,0
2026-03-15T00:00:00,Makine-03,508,8,19.42,480,0
2026-03-15T00:00:00,Makine-04,530,8,28.98,480,0
2026-03-16T00:00:00,Makine-01,599,13,21.2,480,0
2026-03-16T00:00:00,Makine-02,526,8,25.11,480,0
2026-03-16T00:00:00,Makine-03,495,2,16.22,480,0
2026-03-16T00:00:00,Makine-04,531,15,43.25,480,0
2026-03-17T00:00:00,Makine-01,478,11,37.83,480,0
2026-03-17T00:00:00,Makine-02,551,13,24.23,480,0
2026-03-17T00:00:00,Makine-03,513,11,18.77,480,0
2026-03-17T00:00:00,Makine-04,560,13,22.07,480,0
2026-03-18T00:00:00,Makine-01,536,7,45.52,480,0
2026-03-18T00:00:00,Makine-02,566,12,24.69,480,0
2026-03-18T00:00:00,Makine-03,554,5,11.92,480,0
2026-03-18T00:00:00,Makine-04,506,11,45.17,480,0
2026-03-19T00:00:00,Makine-01,547,11,23.72,480,0
2026-03-19T00:00:00,Makine-02,564,12,25.18,480,0
2026-03-19T00:00:00,Makine-03,542,10,25.53,480,0
2026-03-19T00:00:00,Makine-04,561,14,36.62,480,0
2026-03-20T00:00:00,Makine-01,147,3,44.49,480,1
2026-03-20T00:00:00,Makine-02,519,127,46.2,480,1
2026-03-20T00:00:00,Makine-03,588,12,9.86,480,0
2026-03-20T00:00:00,Makine-04,564,19,16.74,480,0
2026-03-21T00:00:00,Makine-01,500,9,31.7,480,0
2026-03-21T00:00:00,Makine-02,550,5,32.58,480,0
2026-03-21T00:00:00,Makine-03,520,11,18.43,480,0
2026-03-21T00:00:00,Makine-04,601,15,4.54,480,0
2026-03-22T00:00:00,Makine-01,511,15,5.19,480,0
2026-03-22T00:00:00,Makine-02,493,13,26.52,480,0
2026-03-22T00:00:00,Makine-03,551,18,34.04,480,0
2026-03-22T00:00:00,Makine-04,498,116,33.76,480,1
2026-03-23T00:00:00,Makine-01,541,14,14.37,480,0
2026-03-23T00:00:00,Makine-02,541,14,14.11,480,0
2026-03-23T00:00:00,Makine-03,579,13,19.25,480,0
2026-03-23T00:00:00,Makine-04,540,13,48.59,480,0
2026-03-24T00:00:00,Makine-01,492,11,27.86,480,0
2026-03-24T00:00:00,Makine-02,368,13,144.85,480,1
2026-03-24T00:00:00,Makine-03,523,10,39.16,480,0
2026-03-24T00:00:00,Makine-04,576,19,17.08,480,0
2026-03-25T00:00:00,Makine-01,503,9,26.24,480,0
2026-03-25T00:00:00,Makine-02,560,4,26.22,480,0
2026-03-25T00:00:00,Makine-03,554,7,26.2,480,0
2026-03-25T00:00:00,Makine-04,563,5,42.46,480,0
2026-03-26T00:00:00,Makine-01,461,9,34.05,480,0
2026-03-26T00:00:00,Makine-02,526,12,35.56,480,0
2026-03-26T00:00:00,Makine-03,435,8,42.26,480,0
2026-03-26T00:00:00,Makine-04,573,16,12.48,480,0
2026-03-27T00:00:00,Makine-01,148,2,33.36,480,1
2026-03-27T00:00:00,Makine-02,609,15,11.29,480,0
2026-03-27T00:00:00,Makine-03,487,14,35.76,480,0
2026-03-27T00:00:00,Makine-04,536,118,27.96,480,1
2026-03-28T00:00:00,Makine-01,508,12,36.52,480,0
2026-03-28T00:00:00,Makine-02,453,13,52.3,480,0
2026-03-28T00:00:00,Makine-03,619,17,21.48,480,0
2026-03-28T00:00:00,Makine-04,542,10,30.28,480,0
2026-03-29T00:00:00,Makine-01,505,7,44.01,480,0
2026-03-29T00:00:00,Makine-02,536,14,39.21,480,0
2026-03-29T00:00:00,Makine-03,521,4,20.71,480,0
2026-03-29T00:00:00,Makine-04,536,0,29.17,480,0
2026-03-30T00:00:00,Makine-01,482,11,41.21,480,0
2026-03-30T00:00:00,Makine-02,505,11,44.39,480,0
2026-03-30T00:00:00,Makine-03,510,8,45.16,480,0
2026-03-30T00:00:00,Makine-04,231,4,35.1,480,1
2026-03-31T00:00:00,Makine-01,570,13,30.91,480,0
2026-03-31T00:00:00,Makine-02,508,12,22.75,480,0
2026-03-31T00:00:00,Makine-03,497,5,30.4,480,0
2026-03-31T00:00:00,Makine-04,574,16,12.32,480,0
2026-04-01T00:00:00,Makine-01,535,10,7.4,480,0
2026-04-01T00:00:00,Makine-02,531,17,15.43,480,0
2026-04-01T00:00:00,Makine-03,535,12,35.63,480,0
2026-04-01T00:00:00,Makine-04,587,6,21.91,480,0
2026-04-02T00:00:00,Makine-01,494,10,31.79,480,0
2026-04-02T00:00:00,Makine-02,528,6,19.28,480,0
2026-04-02T00:00:00,Makine-03,574,7,18.5,480,0
2026-04-02T00:00:00,Makine-04,599,13,23.75,480,0
2026-04-03T00:00:00,Makine-01,444,9,34.99,480,0
2026-04-03T00:00:00,Makine-02,527,13,31.32,480,0
2026-04-03T00:00:00,Makine-03,506,11,10.03,480,0
2026-04-03T00:00:00,Makine-04,523,3,43.12,480,0
2026-04-04T00:00:00,Makine-01,539,10,2.5,480,0
2026-04-04T00:00:00,Makine-02,551,10,40.79,480,0
2026-04-04T00:00:00,Makine-03,548,12,36.17,480,0
2026-04-04T00:00:00,Makine-04,628,8,18.35,480,0
2026-04-05T00:00:00,Makine-01,504,15,13.13,480,0
2026-04-05T00:00:00,Makine-02,524,10,38.4,480,0
2026-04-05T00:00:00,Makine-03,484,7,27.63,480,0
2026-04-05T00:00:00,Makine-04,495,7,33.96,480,0
2026-04-06T00:00:00,Makine-01,476,7,26.35,480,0
2026-04-06T00:00:00,Makine-02,543,10,37.72,480,0
2026-04-06T00:00:00,Makine-03,510,6,31.4,480,0
2026-04-06T00:00:00,Makine-04,520,11,23.65,480,0
2026-04-07T00:00:00,Makine-01,534,10,14.13,480,0
2026-04-07T00:00:00,Makine-02,481,5,29.87,480,0
2026-04-07T00:00:00,Makine-03,457,77,40.29,480,1
2026-04-07T00:00:00,Makine-04,520,10,35.5,480,0
2026-04-08T00:00:00,Makine-01,573,8,6.56,480,0
2026-04-08T00:00:00,Makine-02,497,9,16.14,480,0
2026-04-08T00:00:00,Makine-03,547,12,33.78,480,0
2026-04-08T00:00:00,Makine-04,497,10,45.78,480,0
2026-04-09T00:00:00,Makine-01,457,8,42.65,480,0
2026-04-09T00:00:00,Makine-02,527,10,35.08,480,0
2026-04-09T00:00:00,Makine-03,526,10,32.88,480,0
2026-04-09T00:00:00,Makine-04,574,23,23.22,480,0
2026-04-10T00:00:00,Makine-01,488,12,33.24,480,0
2026-04-10T00:00:00,Makine-02,554,12,37.62,480,0
2026-04-10T00:00:00,Makine-03,618,14,6.56,480,0
2026-04-10T00:00:00,Makine-04,537,11,17.8,480,0
2026-04-11T00:00:00,Makine-01,546,4,32.83,480,0
2026-04-11T00:00:00,Makine-02,520,5,30.08,480,0
2026-04-11T00:00:00,Makine-03,588,6,5.86,480,0
2026-04-11T00:00:00,Makine-04,587,11,28.81,480,0
2026-04-12T00:00:00,Makine-01,562,13,24.93,480,0
2026-04-12T00:00:00,Makine-02,480,11,27.64,480,0
2026-04-12T00:00:00,Makine-03,533,20,37.52,480,0
2026-04-12T00:00:00,Makine-04,607,17,28.97,480,0
2026-04-13T00:00:00,Makine-01,513,11,32.24,480,0
2026-04-13T00:00:00,Makine-02,477,10,29.11,480,0
2026-04-13T00:00:00,Makine-03,489,13,27.73,480,0
2026-04-13T00:00:00,Makine-04,549,5,22.74,480,0
2026-04-14T00:00:00,Makine-01,561,9,24.62,480,0
2026-04-14T00:00:00,Makine-02,541,10,24.62,480,0
2026-04-14T00:00:00,Makine-03,494,5,24.65,480,0
2026-04-14T00:00:00,Makine-04,508,12,31.78,480,0
2026-04-15T00:00:00,Makine-01,436,9,53.75,480,0
2026-04-15T00:00:00,Makine-02,537,2,25.07,480,0
2026-04-15T00:00:00,Makine-03,501,11,49.03,480,0
2026-04-15T00:00:00,Makine-04,533,2,28.36,480,0
2026-04-16T00:00:00,Makine-01,485,10,28.87,480,0
2026-04-16T00:00:00,Makine-02,552,6,24.72,480,0
2026-04-16T00:00:00,Makine-03,533,18,16.02,480,0
2026-04-16T00:00:00,Makine-04,305,5,215.71,480,1
2026-04-17T00:00:00,Makine-01,509,5,29.69,480,0
2026-04-17T00:00:00,Makine-02,474,9,39.15,480,0
2026-04-17T00:00:00,Makine-03,524,16,31.11,480,0
2026-04-17T00:00:00,Makine-04,587,9,16.88,480,0
2026-04-18T00:00:00,Makine-01,217,6,33.14,480,1
2026-04-18T00:00:00,Makine-02,516,14,23.44,480,0
2026-04-18T00:00:00,Makine-03,586,7,47.1,480,0
2026-04-18T00:00:00,Makine-04,538,8,18.24,480,0
2026-04-19T00:00:00,Makine-01,203,2,19.48,480,1
2026-04-19T00:00:00,Makine-02,534,6,25.49,480,0
2026-04-19T00:00:00,Makine-03,533,6,41.2,480,0
2026-04-19T00:00:00,Makine-04,610,16,18.79,480,0
2026-04-20T00:00:00,Makine-01,510,13,5.64,480,0
2026-04-20T00:00:00,Makine-02,465,10,41.09,480,0
2026-04-20T00:00:00,Makine-03,557,12,13.42,480,0
2026-04-20T00:00:00,Makine-04,561,10,11.48,480,0
2026-04-21T00:00:00,Makine-01,508,10,24.37,480,0
2026-04-21T00:00:00,Makine-02,517,11,26.96,480,0
2026-04-21T00:00:00,Makine-03,532,11,34.77,480,0
2026-04-21T00:00:00,Makine-04,508,11,10.47,480,0
2026-04-22T00:00:00,Makine-01,499,12,31.7,480,0
2026-04-22T00:00:00,Makine-02,513,3,34.84,480,0
2026-04-22T00:00:00,Makine-03,543,8,42.22,480,0
2026-04-22T00:00:00,Makine-04,587,8,38.61,480,0
2026-04-23T00:00:00,Makine-01,508,6,37.47,480,0
2026-04-23T00:00:00,Makine-02,522,11,35.79,480,0
2026-04-23T00:00:00,Makine-03,493,8,44.78,480,0
2026-04-23T00:00:00,Makine-04,492,5,38.79,480,0
2026-04-24T00:00:00,Makine-01,480,8,30.33,480,0
2026-04-24T00:00:00,Makine-02,541,10,23.58,480,0
2026-04-24T00:00:00,Makine-03,273,5,241.86,480,1
2026-04-24T00:00:00,Makine-04,587,7,16.03,480,0
2026-04-25T00:00:00,Makine-01,512,136,40.24,480,1
2026-04-25T00:00:00,Makine-02,551,9,32.36,480,0
2026-04-25T00:00:00,Makine-03,518,4,18.06,480,0
2026-04-25T00:00:00,Makine-04,570,5,48.09,480,0
2026-04-26T00:00:00,Makine-01,320,7,192.7,480,1
2026-04-26T00:00:00,Makine-02,545,5,19.36,480,0
2026-04-26T00:00:00,Makine-03,501,6,40.25,480,0
2026-04-26T00:00:00,Makine-04,534,5,27.34,480,0
2026-04-27T00:00:00,Makine-01,486,8,25.5,480,0
2026-04-27T00:00:00,Makine-02,515,13,36.03,480,0
2026-04-27T00:00:00,Makine-03,542,9,30.32,480,0
2026-04-27T00:00:00,Makine-04,575,14,22.2,480,0
2026-04-28T00:00:00,Makine-01,408,6,41.9,480,0
2026-04-28T00:00:00,Makine-02,484,6,26.83,480,0
2026-04-28T00:00:00,Makine-03,598,12,10.78,480,0
2026-04-28T00:00:00,Makine-04,524,14,24.17,480,0
2026-04-29T00:00:00,Makine-01,522,7,12.81,480,0
2026-04-29T00:00:00,Makine-02,594,12,16.5,480,0
2026-04-29T00:00:00,Makine-03,520,6,23.23,480,0
2026-04-29T00:00:00,Makine-04,493,9,17.72,480,0
2026-04-30T00:00:00,Makine-01,495,7,22.48,480,0
2026-04-30T00:00:00,Makine-02,534,4,30.56,480,0
2026-04-30T00:00:00,Makine-03,503,13,32.15,480,0
2026-04-30T00:00:00,Makine-04,534,11,27.14,480,0
2026-05-01T00:00:00,Makine-01,511,8,27.29,480,0
2026-05-01T00:00:00,Makine-02,211,4,32.38,480,1
2026-05-01T00:00:00,Makine-03,590,6,31.05,480,0
2026-05-01T00:00:00,Makine-04,579,18,11.07,480,0
2026-05-02T00:00:00,Makine-01,496,10,31.71,480,0
2026-05-02T00:00:00,Makine-02,526,11,22.14,480,0
2026-05-02T00:00:00,Makine-03,504,11,21.94,480,0
2026-05-02T00:00:00,Makine-04,576,12,32.32,480,0
2026-05-03T00:00:00,Makine-01,509,8,33.04,480,0
2026-05-03T00:00:00,Makine-02,511,12,25.48,480,0
2026-05-03T00:00:00,Makine-03,591,11,15.95,480,0
2026-05-03T00:00:00,Makine-04,554,6,41.89,480,0
2026-05-04T00:00:00,Makine-01,507,16,36.59,480,0
2026-05-04T00:00:00,Makine-02,506,12,29.72,480,0
2026-05-04T00:00:00,Makine-03,513,11,30.15,480,0
2026-05-04T00:00:00,Makine-04,518,12,16.67,480,0
2026-05-05T00:00:00,Makine-01,498,15,32.05,480,0
2026-05-05T00:00:00,Makine-02,506,11,36.59,480,0
2026-05-05T00:00:00,Makine-03,575,8,25.37,480,0
2026-05-05T00:00:00,Makine-04,558,19,39.23,480,0
2026-05-06T00:00:00,Makine-01,499,12,16.21,480,0
2026-05-06T00:00:00,Makine-02,490,12,31.02,480,0
2026-05-06T00:00:00,Makine-03,612,14,41.59,480,0
2026-05-06T00:00:00,Makine-04,497,8,25.07,480,0
2026-05-07T00:00:00,Makine-01,588,13,15.53,480,0
2026-05-07T00:00:00,Makine-02,525,14,26.91,480,0
2026-05-07T00:00:00,Makine-03,525,81,35.31,480,1
2026-05-07T00:00:00,Makine-04,554,6,27.38,480,0
2026-05-08T00:00:00,Makine-01,447,6,30.54,480,0
2026-05-08T00:00:00,Makine-02,486,10,33.87,480,0
2026-05-08T00:00:00,Makine-03,526,9,37.77,480,0
2026-05-08T00:00:00,Makine-04,549,13,34.68,480,0
2026-05-09T00:00:00,Makine-01,509,13,38.19,480,0
2026-05-09T00:00:00,Makine-02,478,15,21.95,480,0
2026-05-09T00:00:00,Makine-03,535,14,12.86,480,0
2026-05-09T00:00:00,Makine-04,600,8,24.88,480,0
2026-05-10T00:00:00,Makine-01,525,12,32.11,480,0
2026-05-10T00:00:00,Makine-02,540,10,31.99,480,0
2026-05-10T00:00:00,Makine-03,543,14,31.08,480,0
2026-05-10T00:00:00,Makine-04,523,11,30.44,480,0
2026-05-11T00:00:00,Makine-01,582,10,31.93,480,0
2026-05-11T00:00:00,Makine-02,517,19,40.68,480,0
2026-05-11T00:00:00,Makine-03,509,9,33.24,480,0
2026-05-11T00:00:00,Makine-04,549,16,38.46,480,0
2026-05-12T00:00:00,Makine-01,605,14,26.68,480,0
2026-05-12T00:00:00,Makine-02,504,13,23.06,480,0
2026-05-12T00:00:00,Makine-03,534,145,31.27,480,1
2026-05-12T00:00:00,Makine-04,552,8,36.01,480,0
2026-05-13T00:00:00,Makine-01,507,7,22.56,480,0
2026-05-13T00:00:00,Makine-02,560,14,35.79,480,0
2026-05-13T00:00:00,Makine-03,609,5,42.47,480,0
2026-05-13T00:00:00,Makine-04,529,7,23.84,480,0
2026-05-14T00:00:00,Makine-01,540,11,17.83,480,0
2026-05-14T00:00:00,Makine-02,539,9,35.08,480,0
2026-05-14T00:00:00,Makine-03,477,6,32.34,480,0
2026-05-14T00:00:00,Makine-04,545,9,30.17,480,0
2026-05-15T00:00:00,Makine-01,532,7,35.49,480,0
2026-05-15T00:00:00,Makine-02,532,4,30.37,480,0
2026-05-15T00:00:00,Makine-03,531,8,30.14,480,0
2026-05-15T00:00:00,Makine-04,554,13,28.23,480,0
2026-05-16T00:00:00,Makine-01,504,12,27.06,480,0
2026-05-16T00:00:00,Makine-02,349,9,195.01,480,1
2026-05-16T00:00:00,Makine-03,549,11,21.34,480,0
2026-05-16T00:00:00,Makine-04,509,11,23.51,480,0
2026-05-17T00:00:00,Makine-01,489,6,30.86,480,0
2026-05-17T00:00:00,Makine-02,209,7,31.51,480,1
2026-05-17T00:00:00,Makine-03,604,8,17.13,480,0
2026-05-17T00:00:00,Makine-04,547,7,29.61,480,0
2026-05-18T00:00:00,Makine-01,476,5,42.29,480,0
2026-05-18T00:00:00,Makine-02,501,4,34.92,480,0
2026-05-18T00:00:00,Makine-03,575,141,29.45,480,1
2026-05-18T00:00:00,Makine-04,612,7,6.19,480,0
2026-05-19T00:00:00,Makine-01,546,13,32.47,480,0
2026-05-19T00:00:00,Makine-02,540,10,22.15,480,0
2026-05-19T00:00:00,Makine-03,547,10,37.89,480,0
2026-05-19T00:00:00,Makine-04,568,7,25.45,480,0
2026-05-20T00:00:00,Makine-01,509,0,39.08,480,0
2026-05-20T00:00:00,Makine-02,488,3,48.86,480,0
2026-05-20T00:00:00,Makine-03,572,13,30.13,480,0
2026-05-20T00:00:00,Makine-04,566,20,33.63,480,0
2026-05-21T00:00:00,Makine-01,548,15,14.2,480,0
2026-05-21T00:00:00,Makine-02,569,15,25.73,480,0
2026-05-21T00:00:00,Makine-03,530,9,22.5,480,0
2026-05-21T00:00:00,Makine-04,216,4,21.1,480,1
2026-05-22T00:00:00,Makine-01,556,12,30.13,480,0
2026-05-22T00:00:00,Makine-02,566,12,32.79,480,0
2026-05-22T00:00:00,Makine-03,524,12,33.66,480,0
2026-05-22T00:00:00,Makine-04,566,16,27.3,480,0
2026-05-23T00:00:00,Makine-01,440,10,30.12,480,0
2026-05-23T00:00:00,Makine-02,514,14,44.7,480,0
2026-05-23T00:00:00,Makine-03,565,11,14.47,480,0
2026-05-23T00:00:00,Makine-04,635,155,30.85,480,1
2026-05-24T00:00:00,Makine-01,493,110,44.79,480,1
2026-05-24T00:00:00,Makine-02,507,15,28.24,480,0
2026-05-24T00:00:00,Makine-03,549,11,36.52,480,0
2026-05-24T00:00:00,Makine-04,493,10,18.15,480,0
2026-05-25T00:00:00,Makine-01,550,17,42.09,480,0
2026-05-25T00:00:00,Makine-02,546,21,26.48,480,0
2026-05-25T00:00:00,Makine-03,512,7,41.19,480,0
2026-05-25T00:00:00,Makine-04,555,11,18.99,480,0
2026-05-26T00:00:00,Makine-01,442,10,26.45,480,0
2026-05-26T00:00:00,Makine-02,523,9,30.43,480,0
2026-05-26T00:00:00,Makine-03,539,13,14.67,480,0
2026-05-26T00:00:00,Makine-04,590,16,13.91,480,0
2026-05-27T00:00:00,Makine-01,561,5,10.39,480,0
2026-05-27T00:00:00,Makine-02,500,8,21.13,480,0
2026-05-27T00:00:00,Makine-03,564,10,23.56,480,0
2026-05-27T00:00:00,Makine-04,524,7,32.81,480,0
2026-05-28T00:00:00,Makine-01,501,2,32.91,480,0
2026-05-28T00:00:00,Makine-02,588,5,20.99,480,0
2026-05-28T00:00:00,Makine-03,566,8,41.1,480,0
2026-05-28T00:00:00,Makine-04,469,3,36.16,480,0
2026-05-29T00:00:00,Makine-01,484,10,45.5,480,0
2026-05-29T00:00:00,Makine-02,485,10,51.07,480,0
2026-05-29T00:00:00,Makine-03,589,8,14.78,480,0
2026-05-29T00:00:00,Makine-04,522,7,27.57,480,0
2026-05-30T00:00:00,Makine-01,500,10,39.96,480,0
2026-05-30T00:00:00,Makine-02,562,14,20.28,480,0
2026-05-30T00:00:00,Makine-03,528,13,26.24,480,0
2026-05-30T00:00:00,Makine-04,543,13,24.65,480,0
2026-05-31T00:00:00,Makine-01,523,14,25.89,480,0
2026-05-31T00:00:00,Makine-02,485,5,11.58,480,0
2026-05-31T00:00:00,Makine-03,502,8,28.45,480,0
2026-05-31T00:00:00,Makine-04,596,15,25.59,480,0
2026-06-01T00:00:00,Makine-01,507,11,25.39,480,0
2026-06-01T00:00:00,Makine-02,538,3,20.92,480,0
2026-06-01T00:00:00,Makine-03,520,17,37.62,480,0
2026-06-01T00:00:00,Makine-04,545,11,32.17,480,0
2026-06-02T00:00:00,Makine-01,541,16,31.07,480,0
2026-06-02T00:00:00,Makine-02,524,13,32.3,480,0
2026-06-02T00:00:00,Makine-03,505,14,37.66,480,0
2026-06-02T00:00:00,Makine-04,481,8,28.78,480,0
2026-06-03T00:00:00,Makine-01,517,14,35.53,480,0
2026-06-03T00:00:00,Makine-02,343,11,201.99,480,1
2026-06-03T00:00:00,Makine-03,522,17,26.93,480,0
2026-06-03T00:00:00,Makine-04,543,9,38.05,480,0
2026-06-04T00:00:00,Makine-01,516,4,44.36,480,0
2026-06-04T00:00:00,Makine-02,499,4,47.82,480,0
2026-06-04T00:00:00,Makine-03,176,3,36.82,480,1
2026-06-04T00:00:00,Makine-04,550,12,35.42,480,0
2026-06-05T00:00:00,Makine-01,477,4,40.46,480,0
2026-06-05T00:00:00,Makine-02,534,12,36.31,480,0
2026-06-05T00:00:00,Makine-03,527,9,37.87,480,0
2026-06-05T00:00:00,Makine-04,472,11,50.21,480,0
2026-06-06T00:00:00,Makine-01,503,3,28.92,480,0
2026-06-06T00:00:00,Makine-02,464,12,26.2,480,0
2026-06-06T00:00:00,Makine-03,531,11,44.9,480,0
2026-06-06T00:00:00,Makine-04,563,8,46.82,480,0
2026-06-07T00:00:00,Makine-01,454,11,34.4,480,0
2026-06-07T00:00:00,Makine-02,565,12,36.4,480,0
2026-06-07T00:00:00,Makine-03,508,7,33.81,480,0
2026-06-07T00:00:00,Makine-04,502,13,43.72,480,0
2026-06-08T00:00:00,Makine-01,526,14,33.4,480,0
2026-06-08T00:00:00,Makine-02,519,13,44.1,480,0
2026-06-08T00:00:00,Makine-03,526,13,51.59,480,0
2026-06-08T00:00:00,Makine-04,599,13,21.77,480,0
2026-06-09T00:00:00,Makine-01,487,15,40.38,480,0
2026-06-09T00:00:00,Makine-02,561,8,32.05,480,0
2026-06-09T00:00:00,Makine-03,566,6,28.04,480,0
2026-06-09T00:00:00,Makine-04,520,9,38.24,480,0
2026-06-10T00:00:00,Makine-01,523,14,23.21,480,0
2026-06-10T00:00:00,Makine-02,486,7,46.57,480,0
2026-06-10T00:00:00,Makine-03,518,10,32.11,480,0
2026-06-10T00:00:00,Makine-04,506,10,44.66,480,0
2026-06-11T00:00:00,Makine-01,525,11,20.14,480,0
2026-06-11T00:00:00,Makine-02,502,9,42.07,480,0
2026-06-11T00:00:00,Makine-03,564,11,24.15,480,0
2026-06-11T00:00:00,Makine-04,607,11,20.43,480,0
2026-06-12T00:00:00,Makine-01,530,19,24.86,480,0
2026-06-12T00:00:00,Makine-02,591,8,11.02,480,0
2026-06-12T00:00:00,Makine-03,553,7,24.14,480,0
2026-06-12T00:00:00,Makine-04,512,8,34.5,480,0
2026-06-13T00:00:00,Makine-01,518,11,15.71,480,0
2026-06-13T00:00:00,Makine-02,529,8,27.29,480,0
2026-06-13T00:00:00,Makine-03,506,12,44.36,480,0
2026-06-13T00:00:00,Makine-04,593,14,33.65,480,0
2026-06-14T00:00:00,Makine-01,548,10,34.54,480,0
2026-06-14T00:00:00,Makine-02,487,10,23.1,480,0
2026-06-14T00:00:00,Makine-03,581,4,27.6,480,0
2026-06-14T00:00:00,Makine-04,560,10,19.68,480,0
2026-06-15T00:00:00,Makine-01,520,11,39.54,480,0
2026-06-15T00:00:00,Makine-02,564,7,21.38,480,0
2026-06-15T00:00:00,Makine-03,530,137,41.86,480,1
2026-06-15T00:00:00,Makine-04,542,11,33.02,480,0
2026-06-16T00:00:00,Makine-01,480,85,29.25,480,1
2026-06-16T00:00:00,Makine-02,481,10,40.39,480,0
2026-06-16T00:00:00,Makine-03,564,9,12.65,480,0
2026-06-16T00:00:00,Makine-04,555,18,20.95,480,0
2026-06-17T00:00:00,Makine-01,487,108,18.3,480,1
2026-06-17T00:00:00,Makine-02,501,9,25.97,480,0
2026-06-17T00:00:00,Makine-03,495,12,43.92,480,0
2026-06-17T00:00:00,Makine-04,604,17,12.24,480,0
2026-06-18T00:00:00,Makine-01,515,13,25.3,480,0
2026-06-18T00:00:00,Makine-02,186,4,26.06,480,1
2026-06-18T00:00:00,Makine-03,557,15,33.32,480,0
2026-06-18T00:00:00,Makine-04,551,14,13.83,480,0
2026-06-19T00:00:00,Makine-01,465,15,23.06,480,0
2026-06-19T00:00:00,Makine-02,547,13,37.7,480,0
2026-06-19T00:00:00,Makine-03,526,20,28.36,480,0
2026-06-19T00:00:00,Makine-04,569,99,25.36,480,1
2026-06-20T00:00:00,Makine-01,543,12,35.01,480,0
2026-06-20T00:00:00,Makine-02,525,8,30.11,480,0
2026-06-20T00:00:00,Makine-03,517,7,44.8,480,0
2026-06-20T00:00:00,Makine-04,556,13,41.0,480,0
2026-06-21T00:00:00,Makine-01,489,9,35.73,480,0
2026-06-21T00:00:00,Makine-02,486,7,38.74,480,0
2026-06-21T00:00:00,Makine-03,459,72,47.26,480,1
2026-06-21T00:00:00,Makine-04,540,9,26.36,480,0
2026-06-22T00:00:00,Makine-01,313,8,179.49,480,1
2026-06-22T00:00:00,Makine-02,554,14,14.59,480,0
2026-06-22T00:00:00,Makine-03,534,18,30.09,480,0
2026-06-22T00:00:00,Makine-04,651,9,13.36,480,0
2026-06-23T00:00:00,Makine-01,473,11,39.7,480,0
2026-06-23T00:00:00,Makine-02,527,15,35.54,480,0
2026-06-23T00:00:00,Makine-03,574,14,28.32,480,0
2026-06-23T00:00:00,Makine-04,524,8,23.35,480,0
2026-06-24T00:00:00,Makine-01,536,10,37.86,480,0
2026-06-24T00:00:00,Makine-02,518,7,43.68,480,0
2026-06-24T00:00:00,Makine-03,542,10,29.39,480,0
2026-06-24T00:00:00,Makine-04,588,140,15.31,480,1
2026-06-25T00:00:00,Makine-01,557,11,35.1,480,0
2026-06-25T00:00:00,Makine-02,526,7,11.56,480,0
2026-06-25T00:00:00,Makine-03,466,5,31.17,480,0
2026-06-25T00:00:00,Makine-04,572,13,21.69,480,0
2026-06-26T00:00:00,Makine-01,542,11,37.52,480,0
2026-06-26T00:00:00,Makine-02,525,9,35.12,480,0
2026-06-26T00:00:00,Makine-03,561,11,21.82,480,0
2026-06-26T00:00:00,Makine-04,536,8,23.62,480,0
2026-06-27T00:00:00,Makine-01,506,7,39.79,480,0
2026-06-27T00:00:00,Makine-02,488,13,24.4,480,0
2026-06-27T00:00:00,Makine-03,544,15,25.91,480,0
2026-06-27T00:00:00,Makine-04,581,10,18.01,480,0
2026-06-28T00:00:00,Makine-01,445,10,29.99,480,0
2026-06-28T00:00:00,Makine-02,564,7,45.76,480,0
2026-06-28T00:00:00,Makine-03,554,139,22.78,480,1
2026-06-28T00:00:00,Makine-04,563,12,38.99,480,0
2026-06-29T00:00:00,Makine-01,495,13,26.88,480,0
2026-06-29T00:00:00,Makine-02,491,0,40.56,480,0
2026-06-29T00:00:00,Makine-03,509,8,44.22,480,0
2026-06-29T00:00:00,Makine-04,534,10,42.65,480,0
